<?xml version="1.0" encoding="UTF-8"?>
<!DOCTYPE hibernate-mapping PUBLIC "-//Hibernate/Hibernate Mapping DTD 3.0//EN" "http://hibernate.sourceforge.net/hibernate-mapping-3.0.dtd">
<hibernate-mapping>
	<class name="org.stenerud.hse.standardsecurity.data.group.Group" table="HSEGroup">
		<id column="groupId" name="id" type="int" unsaved-value="-1">
			<generator class="native"/>
		</id>
		<property column="name" name="name" not-null="true" type="string" unique="true"/>
		<property column="administrator" name="administrator" not-null="true" type="boolean"/>
		<set name="permissionLevels" table="HSEPermissionLevel" cascade="delete">
			<key column="groupId"/>
			<one-to-many class="org.stenerud.hse.standardsecurity.data.security.PermissionLevel"/>
		</set>
	</class>
</hibernate-mapping>
