<collections>
<collection name="Miscellaneous" createdBy="Frank" createdOn="04/05/2006 12:18AM">
<photo addedBy="Frank" addedOn="04/05/2006 12:21AM" type="jpg" fileSize="109687" dimensions="800x600" dpi="-1" filename="Miscellaneous_Frank_04_05_2006_12_21_08AM.jpg" colorDepth="24">
An apple orchard in Pennsylvania
</photo>
<photo addedBy="Frank" addedOn="04/05/2006 12:21AM" type="jpg" fileSize="103996" dimensions="1024x768" dpi="-1" filename="Miscellaneous_Frank_04_05_2006_12_21_37AM.jpg" colorDepth="24">
My son's attempt at making a gingerbread house
</photo>
<photo addedBy="Frank" addedOn="04/05/2006 12:22AM" type="jpg" fileSize="61366" dimensions="640x853" dpi="200" filename="Miscellaneous_Frank_04_05_2006_12_22_00AM.jpg" colorDepth="24">
A minor league ball club warms up
</photo>
<photo addedBy="Frank" addedOn="04/05/2006 12:22AM" type="jpg" fileSize="26817" dimensions="400x300" dpi="72" filename="Miscellaneous_Frank_04_05_2006_12_22_22AM.jpg" colorDepth="24">
A display from Alien Encounters at Niagara Falls
</photo>
<photo addedBy="Frank" addedOn="04/05/2006 12:22AM" type="jpg" fileSize="102236" dimensions="640x971" dpi="200" filename="Miscellaneous_Frank_04_05_2006_12_22_33AM.jpg" colorDepth="24">
My dog Belle
</photo>
<photo addedBy="Frank" addedOn="04/05/2006 12:22AM" type="jpg" fileSize="163224" dimensions="1024x768" dpi="72" filename="Miscellaneous_Frank_04_05_2006_12_22_49AM.jpg" colorDepth="24">
Some Buffalos at a zoo
</photo>
<photo addedBy="Frank" addedOn="04/05/2006 12:23AM" type="jpg" fileSize="29206" dimensions="533x400" dpi="72" filename="Miscellaneous_Frank_04_05_2006_12_23_08AM.jpg" colorDepth="24">
Niagara Falls from the Maid Of The Mist
</photo>
<photo addedBy="Frank" addedOn="04/05/2006 12:23AM" type="jpg" fileSize="58815" dimensions="640x490" dpi="300" filename="Miscellaneous_Frank_04_05_2006_12_23_42AM.jpg" colorDepth="24">
The Las Vegas strip as seen from my hotel room in The Aladdin hotel
</photo>
<photo addedBy="Frank" addedOn="04/05/2006 12:24AM" type="jpg" fileSize="43232" dimensions="640x480" dpi="72" filename="Miscellaneous_Frank_04_05_2006_12_24_04AM.jpg" colorDepth="24">
Outside the MGM Grand hotel and convention center in Las Vegas
</photo>
<photo addedBy="Frank" addedOn="04/05/2006 12:24AM" type="jpg" fileSize="36666" dimensions="640x480" dpi="72" filename="Miscellaneous_Frank_04_05_2006_12_24_26AM.jpg" colorDepth="24">
My wife's Geo Metro after a particularly heavy snowstorm
</photo>
<photo addedBy="Frank" addedOn="04/05/2006 12:24AM" type="jpg" fileSize="89207" dimensions="640x480" dpi="180" filename="Miscellaneous_Frank_04_05_2006_12_24_43AM.jpg" colorDepth="24">
A model of the starship Enterprise at King's Dominion
</photo>
</collection>
</collections>
