<?xml version="1.0" encoding="UTF-8"?>
<assembly>
  <id>bin</id>
  <formats>
    <format>zip</format>
  </formats>
  <fileSets>
    <!-- License -->
    <fileSet>
      <includes>
        <include>license*</include>
      </includes>
    </fileSet>

    <!-- Release Notes -->
    <fileSet>
      <directory>src/site/xdoc</directory>
      <outputDirectory></outputDirectory>
      <includes>
        <include>release*</include>
      </includes>
    </fileSet>

    <!-- JAR -->
    <fileSet>
      <directory>target</directory>
      <outputDirectory></outputDirectory>
      <includes>
        <include>*.jar</include>
      </includes>
    </fileSet>

    <!-- JavaScript -->
    <fileSet>
      <directory>src/main/resources</directory>
      <outputDirectory>web</outputDirectory>
      <includes>
        <include>**/*.js</include>
      </includes>
    </fileSet>

    <!-- CSS -->
    <fileSet>
      <directory>src/main/resources</directory>
      <outputDirectory>web</outputDirectory>
      <includes>
        <include>**/*.css</include>
      </includes>
    </fileSet>

    <!-- images -->
    <fileSet>
      <directory>src/main/resources</directory>
      <outputDirectory>web</outputDirectory>
      <includes>
        <include>**/*.png</include>
        <include>**/*.gif</include>
        <include>**/*.jpg</include>
      </includes>
    </fileSet>

    <!-- Dependencies -->
    <fileSet>
      <directory>lib</directory>
      <outputDirectory>lib</outputDirectory>
      <includes>
        <include>*.jar</include>
      </includes>
    </fileSet>

    <!-- Website Documentation -->
    <fileSet>
      <directory>target/site</directory>
      <outputDirectory>docs</outputDirectory>
    </fileSet>
  </fileSets>
</assembly>
