<?xml version="1.0" encoding="UTF-8"?>
<project name="AjaxTags">

  <bannerLeft>
    <name>AjaxTags</name>
    <href>http://ajaxtags.sourceforge.net/</href>
  </bannerLeft>
 <poweredBy>
    <logo name="sourceforge.net" href="http://www.sourceforge.net/" 
          img="http://sflogo.sourceforge.net/sflogo.php?group_id=140499&amp;type=1"/>
    <logo name="http://maven.apache.org/" href="http://maven.apache.org/" 
          img="./images/logos/maven-feather.png"/>
  </poweredBy>
 <!-- 
  <bannerRight>
    <src>http://sflogo.sourceforge.net/sflogo.php?group_id=140499&amp;type=3</src>
  </bannerRight> 
 -->
  <body>
  	<links>
      <item name="site under construction" href="/" />
    </links>
  <!-- 
    <links>
      <item name="AjaxTags Live Demo" href="http://ajaxtags.no-ip.info/" />
    </links> -->
    <menu name="Overview">
      <item name="Home" href="index.html" />
      <item name="Quick Start" href="quickstart.html" />
      <item name="Screenshots" href="screenshots.html" />
      <item name="FAQ" href="faq.html" />
      <item name="Ajax Links &amp; Resources" href="ajaxlinks.html" />
    </menu>

    <menu name="Reference">
      <item name="Installation" href="install.html" />
      <item name="Migrating to 1.1" href="migration-1_0-1_1.html" />
      <item name="Migrating to 1.2" href="migration-1_1-1_2.html" />
      <item name="Migrating to 1.3" href="migration-1_2-1_3.html" />
      <item name="Tag Reference" href="usage.html" />
      <item name="Advanced Usage" href="advanced.html" />
    </menu>

    <menu name="Support">
      <item name="SourceForge Project Page" href="http://sourceforge.net/projects/ajaxtags/" />
      <item name="Forums" href="http://sourceforge.net/forum/forum.php?forum_id=471271" />
      <item name="Issue Tracking" href="http://sourceforge.net/tracker/?group_id=140499" />
    </menu>

    <menu name="Downloads">
      <item name="Binaries" href="http://sourceforge.net/project/showfiles.php?group_id=140499" />
      <item name="Source" href="http://sourceforge.net/project/showfiles.php?group_id=140499" />
      <item name="Release Notes" href="release-notes.txt" />
    </menu>
 
    ${reports}

  </body>

</project>
