<?xml version="1.0" encoding="UTF-8"?>
<cache-entry>
	<generated-type-hash class="coreservlets.client.DataService_TypeSerializer" hash="42EB260D9B216D8A368D2BB10732583A"/>
	<generated-type-hash class="coreservlets.client.RandomNumber_FieldSerializer" hash="A888491A6C76E97727ECA59D25BD7A4D"/>
	<generated-type-hash class="com.google.gwt.user.client.rpc.SerializableException_FieldSerializer" hash="1CB9B63ABEC9BE7E663F6C56AA395208"/>
	<generated-type-hash class="coreservlets.client.DataService_Proxy" hash="43499F709915C438DDBC30845A377FBB"/>
	<rebind-decision in="com.google.gwt.user.client.ui.impl.TextBoxImpl" out="com.google.gwt.user.client.ui.impl.TextBoxImpl"/>
	<rebind-decision in="coreservlets.client.RPCApp" out="coreservlets.client.RPCApp"/>
	<rebind-decision in="com.google.gwt.user.client.ui.impl.FormPanelImpl" out="com.google.gwt.user.client.ui.impl.FormPanelImplSafari"/>
	<rebind-decision in="com.google.gwt.user.client.impl.HistoryImpl" out="com.google.gwt.user.client.impl.HistoryImplSafari"/>
	<rebind-decision in="com.google.gwt.user.client.impl.HTTPRequestImpl" out="com.google.gwt.user.client.impl.HTTPRequestImpl"/>
	<rebind-decision in="com.google.gwt.user.client.impl.DOMImpl" out="com.google.gwt.user.client.impl.DOMImplSafari"/>
	<rebind-decision in="coreservlets.client.DataService" out="coreservlets.client.DataService_Proxy"/>
</cache-entry>